{"Detailed Loss": 6.220722198486328, "_timestamp": 1703841832.783112, "_runtime": 449.79999709129333, "_step": 335, "_wandb": {"runtime": 450}}