{"accuracy": 0.75, "rouge1": 13.498792376854695, "rouge2": 1.1637653127014829, "rougeL": 9.930107065363197, "epoch": 0, "step": 500, "_timestamp": 1703889321.2754426, "_runtime": 44.405598640441895, "_step": 500, "_wandb": {"runtime": 44}}