{"Detailed Loss": 8.831783294677734, "Learning Rate": 1.25e-06, "_timestamp": 1703844212.620949, "_runtime": 43.21151113510132, "_step": 4, "_wandb": {"runtime": 59}}