{"Detailed Loss": 8.832653045654297, "Learning Rate": 0.0, "_timestamp": 1703844119.491006, "_runtime": 1.0948679447174072, "_step": 0, "_wandb": {"runtime": 27}}