{"Detailed Loss": 3.0860064029693604, "Learning Rate": 0.00029749999999999997, "_timestamp": 1703870625.6915877, "_runtime": 1332.7087376117706, "_step": 954, "_wandb": {"runtime": 1333}}