{"Detailed Loss": 5.369497776031494, "Learning Rate": 5.580000000000001e-05, "_timestamp": 1703885776.6581347, "_runtime": 1572.119384765625, "_step": 1116, "_wandb": {"runtime": 1573}}