{"Detailed Loss": 11.396767616271973, "Learning Rate": 5e-06, "_timestamp": 1703869251.9714825, "_runtime": 58.23159146308899, "_step": 17, "_wandb": {"runtime": 58}}