sample_id,Rouge rouge1,Rouge rouge2,Rouge rougeL,Rouge rougeLsum,BertScore precision,BertScore recall,BertScore f1,MQAG kl_div,MQAG counting,MQAG hellinger,MQAG total_variation,NLI Score,NLI contradiction %,hallucination_type
39328391,0.16666666666666663,0.058823529411764705,0.16666666666666663,0.16666666666666663,0.8620818853378296,0.8543786406517029,0.8582130074501038,0.14828104238623038,0.0,0.060707633506074214,0.18636804819107056,0.7215711934359995,0.07874015748031496,['e']
32278778,0.31818181818181823,0.23809523809523808,0.2727272727272727,0.2727272727272727,0.8514832258224487,0.8407707214355469,0.8460930585861206,0.3153406754144504,0.0,0.1442483285652157,0.16453466036667427,0.9499107278310336,0.0,['e']
