sample_id,system,Rouge rouge1,Rouge rouge2,Rouge rougeL,Rouge rougeLsum,BertScore precision,BertScore recall,BertScore f1,MQAG kl_div,MQAG counting,MQAG hellinger,MQAG total_variation,NLI Score,NLI contradiction %,hallucination_type
33670226,PtGen,0.2564102564102564,0.05405405405405406,0.10256410256410256,0.10256410256410256,0.8822972178459167,0.8726288080215454,0.8774363994598389,0.121803655488065,0.3333333333333333,0.0455059120964744,0.13596835111578306,0.7970292242635199,0.0,['NULL']
32926574,PtGen,0.43243243243243246,0.2857142857142857,0.43243243243243246,0.43243243243243246,0.9244128465652466,0.8869388699531555,0.9052882194519043,5.606832294419205,0.6666666666666666,0.9303629942143631,0.6867674810200697,0.7597737857481328,0.0,['NULL']
27493801,TConvS2S,0.5,0.20000000000000004,0.5,0.5,0.9073858857154846,0.883734405040741,0.8954039812088013,1.553361758435818,0.6666666666666666,0.5891295269118096,0.6952177561858358,0.7232793391435995,0.0,['NULL']
35412241,Gold,0.4999999999999999,0.17391304347826086,0.2916666666666667,0.2916666666666667,0.9227999448776245,0.8935568332672119,0.9079429507255554,0.09046991213330936,0.0,0.03713267839530806,0.13923819114764532,0.815308227629985,0.0,['NULL']
35265124,Gold,0.6470588235294118,0.4375,0.6470588235294118,0.6470588235294118,0.9344807863235474,0.9224578142166138,0.9284303784370422,0.20390801168598982,0.3333333333333333,0.07199429236183842,0.243042583266894,0.8278381807108719,0.0,['NULL']
34195413,TConvS2S,0.18750000000000003,0.0,0.18750000000000003,0.18750000000000003,0.8814586400985718,0.8618395328521729,0.8715386986732483,0.6405819662525263,1.0,0.21279403396500854,0.4537998139858246,0.7365164526926926,0.16666666666666666,['NULL']
37554205,Gold,0.45,0.21052631578947367,0.35000000000000003,0.35000000000000003,0.9303895235061646,0.9048027992248535,0.9174178242683411,0.23195129465199596,0.0,0.10131346288102877,0.19818808635075888,0.9845178689468991,0.0,['NULL']
39740178,PtGen,0.34782608695652173,0.04545454545454546,0.2608695652173913,0.2608695652173913,0.8528016805648804,0.8590774536132812,0.8559280633926392,0.10172019889099686,0.0,0.04176364649148678,0.09272114932537079,0.7426847701310485,0.031496062992125984,['NULL']
34759626,Gold,0.5714285714285715,0.5,0.5714285714285715,0.5714285714285715,0.9034637212753296,0.8961474895477295,0.8997907638549805,0.2486166508850305,0.3333333333333333,0.08155715066788971,0.17059888069828352,0.44323764620483785,0.991304347826087,['NULL']
