{"Detailed Loss": 5.089470863342285, "_timestamp": 1703841830.4867642, "_runtime": 458.18791222572327, "_step": 348, "_wandb": {"runtime": 458}}