{"Detailed Loss": 4.166762828826904, "Learning Rate": 0.0001785, "_timestamp": 1703844021.9553878, "_runtime": 2051.8936088085175, "_step": 1431, "_wandb": {"runtime": 2052}}