{"Detailed Loss": 19.548290252685547, "Learning Rate": 0.0, "_timestamp": 1703880637.4669573, "_runtime": 53.971269369125366, "_step": 3, "_wandb": {"runtime": 66}}