{"accuracy": 0.75, "rouge1": 14.677235121194649, "rouge2": 1.3679138321995463, "rougeL": 10.046375011167823, "epoch": 0, "step": 800, "_timestamp": 1703889710.1447477, "_runtime": 44.573896646499634, "_step": 800, "_wandb": {"runtime": 44}}