{"Detailed Loss": 5.117673397064209, "Learning Rate": 9.503884572697004e-06, "_timestamp": 1703879071.6470623, "_runtime": 8078.372901201248, "_step": 5178, "accuracy": 0.1875, "rouge1": 5.8503903279504135, "rouge2": 0.10848978652570401, "rougeL": 4.657250093431813, "epoch": 0, "step": 921, "_wandb": {"runtime": 8078}}