{"Detailed Loss": 8.832653045654297, "Learning Rate": 0.0, "_timestamp": 1703844696.0623298, "_runtime": 1.1659448146820068, "_step": 0, "_wandb": {"runtime": 51}}