{"Detailed Loss": NaN, "Learning Rate": 0.00048557158712541623, "_timestamp": 1703849906.0360882, "_runtime": 5127.226177215576, "_step": 3682, "_wandb": {"runtime": 5128}}