{"Detailed Loss": 3.467578411102295, "Learning Rate": 0.000475, "_timestamp": 1703844000.3829203, "_runtime": 2081.13108420372, "_step": 1520, "_wandb": {"runtime": 2081}}