{"Detailed Loss": 3.2761306762695312, "_timestamp": 1703841798.6928396, "_runtime": 457.14678955078125, "_step": 338, "_wandb": {"runtime": 456}}