{"Detailed Loss": 10.4782133102417, "Learning Rate": 5.600000000000001e-06, "_timestamp": 1703869253.7926693, "_runtime": 299.01863718032837, "_step": 224, "_wandb": {"runtime": 299}}