{"Detailed Loss": 5.123157978057861, "Learning Rate": 9.701997780244173e-05, "_timestamp": 1703889911.919972, "_runtime": 3109.8600289821625, "_step": 3751, "accuracy": 0.8333333333333334, "rouge1": 15.720872003766742, "rouge2": 0.5718954248366014, "rougeL": 10.829290720397799, "epoch": 0, "step": 921, "_wandb": {"runtime": 3109}}