{"Detailed Loss": NaN, "Learning Rate": 0.00019422863485016648, "_timestamp": 1703849985.880664, "_runtime": 5196.8483710289, "_step": 3682, "_wandb": {"runtime": 5197}}