{"Detailed Loss": 7.045326232910156, "Learning Rate": 1.875e-07, "_timestamp": 1703870833.5274951, "_runtime": 121.14380812644958, "_step": 62, "_wandb": {"runtime": 121}}