{"Detailed Loss": 20.84844398498535, "Learning Rate": 7.2000000000000005e-06, "_timestamp": 1703886387.0165813, "_runtime": 223.57502937316895, "_step": 147, "_wandb": {"runtime": 223}}