{"Detailed Loss": 7.6338982582092285, "Learning Rate": 5e-05, "_timestamp": 1703869164.473646, "_runtime": 227.53766202926636, "_step": 160, "_wandb": {"runtime": 228}}