{"Detailed Loss": 3.43849515914917, "Learning Rate": 7.15e-06, "_timestamp": 1703870906.8955753, "_runtime": 1563.1960742473602, "_step": 1146, "_wandb": {"runtime": 1564}}