{"Detailed Loss": 20.793373107910156, "Learning Rate": 5.0000000000000004e-08, "_timestamp": 1703880481.7899745, "_runtime": 270.57140851020813, "_step": 17, "_wandb": {"runtime": 284}}