{"Detailed Loss": 3.135204315185547, "Learning Rate": 2.9e-05, "_timestamp": 1703870906.1284304, "_runtime": 1571.799188375473, "_step": 1161, "_wandb": {"runtime": 1572}}