{"Detailed Loss": 8.835009574890137, "_timestamp": 1703841248.9487114, "_runtime": 46.19141745567322, "_step": 2, "accuracy": 0.5, "rouge1": 24.710740124174173, "rouge2": 4.074795943407232, "rougeL": 13.794785417386478, "epoch": 0, "step": 0, "_wandb": {"runtime": 73}}