{"Detailed Loss": 5.2668538093566895, "Learning Rate": 4.746947835738069e-06, "_timestamp": 1703879068.7976818, "_runtime": 8081.283193826675, "_step": 5249, "accuracy": 0.4, "rouge1": 4.095860279785441, "rouge2": 0.10839635958302793, "rougeL": 3.510574088284779, "epoch": 0, "step": 921, "_wandb": {"runtime": 8081}}