{"Detailed Loss": 18.582639694213867, "Learning Rate": 1.0000000000000002e-06, "_timestamp": 1703887947.922157, "_runtime": 39.86999797821045, "_step": 19, "_wandb": {"runtime": 39}}