{"accuracy": 0.5833333333333334, "rouge1": 8.011032759233267, "rouge2": 1.8236489225791273, "rougeL": 6.454844134054485, "epoch": 0, "step": 0, "_timestamp": 1703881949.2227747, "_runtime": 112.1310658454895, "_step": 0, "_wandb": {"runtime": 148}}