{"Detailed Loss": 7.186334609985352, "Learning Rate": 3.75e-06, "_timestamp": 1703841880.6406696, "_runtime": 58.48914170265198, "_step": 14, "_wandb": {"runtime": 59}}