{"Detailed Loss": 20.57837677001953, "Learning Rate": 7.2000000000000005e-06, "_timestamp": 1703886752.2733665, "_runtime": 137.98527836799622, "_step": 147, "_wandb": {"runtime": 138}}