{"train/loss": 1.2702, "train/learning_rate": 0.000995656894679696, "train/epoch": 0.02, "train/global_step": 40, "_timestamp": 1703894495.2948015, "_runtime": 156.28369140625, "_step": 3, "_wandb": {"runtime": 163}}