{"Detailed Loss": 3.2467830181121826, "Learning Rate": 3.65e-05, "_timestamp": 1703844019.1137345, "_runtime": 2066.7170643806458, "_step": 1462, "_wandb": {"runtime": 2067}}