{"Detailed Loss": 19.123170852661133, "Learning Rate": 1.875e-07, "_timestamp": 1703884151.44737, "_runtime": 118.8345091342926, "_step": 60, "_wandb": {"runtime": 119}}